{"stat.pickup.minecraft.rotten_flesh":2,"stat.drop.aleria.test":1,"stat.walkOneCm":59320,"stat.leaveGame":9,"stat.damageTaken":652,"stat.mobKills":3,"stat.entityKilledBy.ZombieVillager":1,"stat.flyOneCm":50673,"stat.deaths":4,"stat.drop":1,"stat.pickup.aleria.test":1,"stat.jump":64,"stat.playOneMinute":66982,"stat.fallOneCm":2196,"stat.sneakTime":227,"stat.damageDealt":833,"stat.crouchOneCm":151,"stat.timeSinceDeath":14215,"stat.sprintOneCm":670,"stat.useItem.minecraft.stone_slab2":60,"stat.pickup.aleria.alergon_leggings":1}