{"stat.drop.aleria.test":1,"stat.walkOneCm":72665,"stat.useItem.aleria.alergon_sword":4,"stat.leaveGame":16,"stat.pickup.aleria.alergon_chestplate":1,"stat.jump":88,"stat.fallOneCm":6687,"stat.crouchOneCm":305,"stat.useItem.aleria.alergon_shovel":3,"stat.sprintOneCm":687,"stat.useItem.minecraft.stone_slab2":65,"stat.pickup.minecraft.rotten_flesh":4,"stat.damageTaken":1467,"stat.mobKills":6,"stat.entityKilledBy.Creeper":1,"stat.entityKilledBy.ZombieVillager":1,"stat.flyOneCm":54967,"stat.deaths":7,"stat.pickup.minecraft.sandstone":21,"stat.drop":1,"stat.pickup.aleria.test":1,"stat.playOneMinute":96287,"stat.sneakTime":494,"stat.damageDealt":1462,"stat.pickup.aleria.alergon_boots":1,"stat.killEntity.Zombie":1,"stat.timeSinceDeath":3228,"stat.pickup.aleria.alergon_leggings":2,"stat.useItem.minecraft.sandstone":2}